{
    "18666f7b-de71-4598-81d5-4287979242a6": {
        "bboxes": [
            [
                0.725,
                0.48541666666666666,
                0.1984375,
                0.33958333333333335
            ]
        ],
        "labels": [
            "like"
        ]
    },
    "b6f0fe2a-6083-40ee-92e4-b4e5036013d9": {
        "bboxes": [
            [
                0.696875,
                0.375,
                0.2265625,
                0.41458333333333336
            ]
        ],
        "labels": [
            "dislike"
        ]
    },
    "a1d5236b-6dab-4b7a-81bc-d54ea7d6a44d": {
        "bboxes": [
            [
                0.609375,
                0.175,
                0.309375,
                0.6354166666666666
            ]
        ],
        "labels": [
            "stop"
        ]
    },
    "5e7e9c15-9143-4027-a051-d6139b9ed5c2": {
        "bboxes": [
            [
                0.6265625,
                0.22291666666666668,
                0.26875,
                0.49166666666666664
            ]
        ],
        "labels": [
            "rock"
        ]
    },
    "e8857f6d-148e-40a0-abbf-519dc4cfdbc3": {
        "bboxes": [
            [
                0.73125,
                0.24166666666666667,
                0.221875,
                0.47708333333333336
            ]
        ],
        "labels": [
            "peace"
        ]
    },
    "2d11727e-6980-4ae5-b1e4-dd10ef010449": {
        "bboxes": [
            [
                0.25625,
                0.5416666666666666,
                0.2453125,
                0.4
            ]
        ],
        "labels": [
            "like"
        ]
    },
    "5f2827bf-c8ec-450e-9411-a16e6faba007": {
        "bboxes": [
            [
                0.1984375,
                0.325,
                0.2703125,
                0.425
            ]
        ],
        "labels": [
            "dislike"
        ]
    },
    "a0c68ca1-8d5d-4518-a822-7a83f0aff626": {
        "bboxes": [
            [
                0.1546875,
                0.20625,
                0.3078125,
                0.6041666666666666
            ]
        ],
        "labels": [
            "stop"
        ]
    },
    "7bfa6aa7-dfa0-4815-b314-2df3bb5a8a7b": {
        "bboxes": [
            [
                0.0171875,
                0.25416666666666665,
                0.2421875,
                0.45416666666666666
            ]
        ],
        "labels": [
            "rock"
        ]
    },
    "a5bed7a5-5564-4f7e-ba0e-af2025dcac73": {
        "bboxes": [
            [
                0.0453125,
                0.325,
                0.271875,
                0.4875
            ]
        ],
        "labels": [
            "peace"
        ]
    },
    "1f882034-e316-4ffb-910b-80b3dcbdfd48": {
        "bboxes": [
            [
                0.10625,
                0.56875,
                0.1890625,
                0.36666666666666664
            ]
        ],
        "labels": [
            "like"
        ]
    },
    "719a3cc8-2afc-4284-8d33-1b8d84b476fd": {
        "bboxes": [
            [
                0.090625,
                0.5145833333333333,
                0.2421875,
                0.4125
            ]
        ],
        "labels": [
            "dislike"
        ]
    },
    "616d7a83-7071-4a91-a857-eacb2446c82d": {
        "bboxes": [
            [
                0.034375,
                0.43333333333333335,
                0.221875,
                0.3875
            ]
        ],
        "labels": [
            "stop"
        ]
    },
    "bdb9a224-8a33-49e6-876b-5ee532d80b38": {
        "bboxes": [
            [
                0.0703125,
                0.41875,
                0.1890625,
                0.34375
            ]
        ],
        "labels": [
            "rock"
        ]
    },
    "145721b9-67f6-4389-8210-6ebab55aaafc": {
        "bboxes": [
            [
                0.065625,
                0.3104166666666667,
                0.221875,
                0.4270833333333333
            ]
        ],
        "labels": [
            "peace"
        ]
    }
}