{
    "974579b2-94da-471b-ba62-8e54c02ad646": {
        "bboxes": [
            [
                0.621875,
                0.40625,
                0.33125,
                0.50625
            ]
        ],
        "labels": [
            "peace"
        ]
    },
    "4c626fc5-638f-4e6e-8987-a499359d403d": {
        "bboxes": [
            [
                0.678125,
                0.33125,
                0.2953125,
                0.31666666666666665
            ]
        ],
        "labels": [
            "fist"
        ]
    },
    "e0bb7266-942a-4459-818a-c36049c62eec": {
        "bboxes": [
            [
                0.1796875,
                0.22916666666666666,
                0.228125,
                0.3625
            ]
        ],
        "labels": [
            "ok"
        ]
    },
    "4f6290dd-717c-4b85-91ee-01f7ed88c033": {
        "bboxes": [
            [
                0.0734375,
                0.31666666666666665,
                0.3,
                0.4625
            ]
        ],
        "labels": [
            "one"
        ]
    },
    "0fc0b61e-8410-435b-8100-a43e46494512": {
        "bboxes": [
            [
                0.1484375,
                0.24375,
                0.2734375,
                0.4479166666666667
            ]
        ],
        "labels": [
            "stop"
        ]
    }
}